building_id,address,normalized_address,street_number,street_name,city,state,zip_code,lat,lng,building_type,building_area_sqft,num_stories,estimated_roof_area,solar_capacity_kw,score,score_breakdown,geocoded,data_quality,sources,business_name,business_types,business_rating,business_reviews_count,business_status,business_website,business_phone,solar_max_panels,solar_max_area_m2,solar_sunshine_hours_year,solar_carbon_offset_kg_mwh,solar_optimal_panels,solar_optimal_energy_kwh_year,solar_monthly_savings,solar_payback_years,solar_financially_viable,solar_panel_capacity_watts,solar_roof_area_m2,solar_roof_segment_count,solar_min_panels,solar_min_energy_kwh,solar_percentage,icp_bucket,ineligible,enriched_score,enriched_score_breakdown,solar_proxy
UNY_001,"100 State Street, Rochester, NY 14614","100 STATE ST, ROCHESTER, NY 14614",100,State Street,Rochester,NY,14614,43.1577838,-77.6137595,office,45000.0,8.0,3937.4999999999995,39.37499999999999,65.0,"{'building_type': 20, 'roof_area': 5, 'geocoding': 20, 'data_quality': 15, 'building_size': 5}",True,high,"['extended_demo', 'manual_input']",,,,,,,,,,,,,,,,,,,,,,,,,,,
UNY_002,"1 Bausch & Lomb Place, Rochester, NY 14604","1 BAUSCH & LOMB PL, ROCHESTER, NY 14604",1,Bausch,Rochester,NY,14604,43.1546058,-77.6059888,office,120000.0,12.0,7000.0,70.0,75.0,"{'building_type': 20, 'roof_area': 10, 'geocoding': 20, 'data_quality': 15, 'building_size': 10}",True,high,"['extended_demo', 'manual_input']",,,,,,,,,,,,,,,,,,,,,,,,,,,
UNY_003,"260 East Avenue, Rochester, NY 14604","260 E AVE, ROCHESTER, NY 14604",260,East Avenue,Rochester,NY,14604,,,office,85000.0,10.0,5950.0,59.5,52.0,"{'building_type': 20, 'roof_area': 10, 'geocoding': 0, 'data_quality': 15, 'building_size': 7}",False,medium,"['extended_demo', 'manual_input']",,,,,,,,,,,,,,,,,,,,,,,,,,,
UNY_004,"400 Andrews Street, Rochester, NY 14604","400 ANDREWS ST, ROCHESTER, NY 14604",400,Andrews Street,Rochester,NY,14604,43.1605783,-77.604391,industrial,200000.0,3.0,46666.666666666664,466.66666666666663,95.0,"{'building_type': 30, 'roof_area': 20, 'geocoding': 20, 'data_quality': 15, 'building_size': 10}",True,high,"['extended_demo', 'manual_input']",,,,,,,,,,,,,,,,,,,,,,,,,,,
UNY_005,"1200 Scottsville Road, Rochester, NY 14624","1200 SCOTTSVILLE RD, ROCHESTER, NY 14624",1200,Scottsville Road,Rochester,NY,14624,43.1169041,-77.6559526,warehouse,150000.0,1.0,105000.0,1050.0,98.0,"{'building_type': 28, 'roof_area': 25, 'geocoding': 20, 'data_quality': 15, 'building_size': 10}",True,high,"['extended_demo', 'manual_input']",,,,,,,,,,,,,,,,,,,,,,,,,,,
UNY_006,"100 Midtown Plaza, Rochester, NY 14604","100 MIDTOWN PLAZA, ROCHESTER, NY 14604",100,Midtown Plaza,Rochester,NY,14604,,,retail,250000.0,4.0,43750.0,437.5,67.0,"{'building_type': 22, 'roof_area': 20, 'geocoding': 0, 'data_quality': 15, 'building_size': 10}",False,medium,"['extended_demo', 'manual_input']",,,,,,,,,,,,,,,,,,,,,,,,,,,
UNY_007,"1 Xerox Square, Rochester, NY 14604","1 XEROX SQUARE, ROCHESTER, NY 14604",1,Xerox Square,Rochester,NY,14604,43.1545914,-77.6042427,office,180000.0,15.0,8400.0,84.0,75.0,"{'building_type': 20, 'roof_area': 10, 'geocoding': 20, 'data_quality': 15, 'building_size': 10}",True,high,"['extended_demo', 'manual_input']",,,,,,,,,,,,,,,,,,,,,,,,,,,
UNY_008,"3450 Winton Place, Rochester, NY 14623","3450 WINTON PL, ROCHESTER, NY 14623",3450,Winton Place,Rochester,NY,14623,,,commercial,75000.0,2.0,26250.0,262.5,67.0,"{'building_type': 25, 'roof_area': 20, 'geocoding': 0, 'data_quality': 15, 'building_size': 7}",False,medium,"['extended_demo', 'manual_input']",,,,,,,,,,,,,,,,,,,,,,,,,,,
UNY_009,"75 College Avenue, Rochester, NY 14607","75 COLLEGE AVE, ROCHESTER, NY 14607",75,College Avenue,Rochester,NY,14607,43.1589491,-77.5874175,mixed_use,35000.0,3.0,8166.666666666666,81.66666666666666,65.0,"{'building_type': 15, 'roof_area': 10, 'geocoding': 20, 'data_quality': 15, 'building_size': 5}",True,high,"['extended_demo', 'manual_input']",,,,,,,,,,,,,,,,,,,,,,,,,,,
UNY_010,"2000 Winton Road South, Rochester, NY 14618","2000 WINTON RD S, ROCHESTER, NY 14618",2000,Winton Road South,Rochester,NY,14618,,,retail,95000.0,2.0,33250.0,332.5,64.0,"{'building_type': 22, 'roof_area': 20, 'geocoding': 0, 'data_quality': 15, 'building_size': 7}",False,medium,"['extended_demo', 'manual_input']",,,,,,,,,,,,,,,,,,,,,,,,,,,
UNY_011,"1000 Elmwood Avenue, Rochester, NY 14620","1000 ELMWOOD AVE, ROCHESTER, NY 14620",1000,Elmwood Avenue,Rochester,NY,14620,43.1262718,-77.6124378,institutional,125000.0,4.0,21875.0,218.75,72.0,"{'building_type': 12, 'roof_area': 15, 'geocoding': 20, 'data_quality': 15, 'building_size': 10}",True,high,"['extended_demo', 'manual_input']",,,,,,,,,,,,,,,,,,,,,,,,,,,
UNY_012,"1 Seneca Street, Buffalo, NY 14203","1 SENECA ST, BUFFALO, NY 14203",1,Seneca Street,Buffalo,NY,14203,,,office,110000.0,12.0,6416.666666666666,64.16666666666666,55.0,"{'building_type': 20, 'roof_area': 10, 'geocoding': 0, 'data_quality': 15, 'building_size': 10}",False,medium,"['extended_demo', 'manual_input']",,,,,,,,,,,,,,,,,,,,,,,,,,,
UNY_013,"500 Pearl Street, Buffalo, NY 14202","500 PEARL ST, BUFFALO, NY 14202",500,Pearl Street,Buffalo,NY,14202,42.8934077,-78.873421,office,95000.0,10.0,6650.0,66.5,72.0,"{'building_type': 20, 'roof_area': 10, 'geocoding': 20, 'data_quality': 15, 'building_size': 7}",True,high,"['extended_demo', 'manual_input']",,,,,,,,,,,,,,,,,,,,,,,,,,,
UNY_014,"1000 Niagara Street, Buffalo, NY 14213","1000 NIAGARA ST, BUFFALO, NY 14213",1000,Niagara Street,Buffalo,NY,14213,,,industrial,175000.0,2.0,61249.99999999999,612.4999999999999,80.0,"{'building_type': 30, 'roof_area': 25, 'geocoding': 0, 'data_quality': 15, 'building_size': 10}",False,medium,"['extended_demo', 'manual_input']",,,,,,,,,,,,,,,,,,,,,,,,,,,
UNY_015,"95 Perry Street, Buffalo, NY 14203","95 PERRY ST, BUFFALO, NY 14203",95,Perry Street,Buffalo,NY,14203,,,warehouse,140000.0,1.0,98000.0,980.0,78.0,"{'building_type': 28, 'roof_area': 25, 'geocoding': 0, 'data_quality': 15, 'building_size': 10}",False,medium,"['extended_demo', 'manual_input']",,,,,,,,,,,,,,,,,,,,,,,,,,,
UNY_016,"100 Clinton Square, Syracuse, NY 13202","100 CLINTON SQUARE, SYRACUSE, NY 13202",100,Clinton Square,Syracuse,NY,13202,43.0518306,-76.1512043,office,80000.0,8.0,7000.0,70.0,72.0,"{'building_type': 20, 'roof_area': 10, 'geocoding': 20, 'data_quality': 15, 'building_size': 7}",True,high,"['extended_demo', 'manual_input']",,,,,,,,,,,,,,,,,,,,,,,,,,,
UNY_017,"500 South Warren Street, Syracuse, NY 13202","500 S WARREN ST, SYRACUSE, NY 13202",500,South Warren Street,Syracuse,NY,13202,43.0451138,-76.1511173,office,65000.0,6.0,7583.333333333333,75.83333333333333,72.0,"{'building_type': 20, 'roof_area': 10, 'geocoding': 20, 'data_quality': 15, 'building_size': 7}",True,high,"['extended_demo', 'manual_input']",,,,,,,,,,,,,,,,,,,,,,,,,,,
UNY_018,"1 Webster's Landing, Syracuse, NY 13202","1 WEBSTER'S LANDING, SYRACUSE, NY 13202",1,Webster's Landing,Syracuse,NY,13202,,,mixed_use,55000.0,4.0,9625.0,96.25,47.0,"{'building_type': 15, 'roof_area': 10, 'geocoding': 0, 'data_quality': 15, 'building_size': 7}",False,medium,"['extended_demo', 'manual_input']",,,,,,,,,,,,,,,,,,,,,,,,,,,
UNY_019,"1 Commerce Plaza, Albany, NY 12260","1 COMMERCE PLAZA, ALBANY, NY 12260",1,Commerce Plaza,Albany,NY,12260,,,office,150000.0,18.0,5833.333333333333,58.33333333333333,55.0,"{'building_type': 20, 'roof_area': 10, 'geocoding': 0, 'data_quality': 15, 'building_size': 10}",False,medium,"['extended_demo', 'manual_input']",,,,,,,,,,,,,,,,,,,,,,,,,,,
UNY_020,"625 Broadway, Albany, NY 12207","625 BROADWAY, ALBANY, NY 12207",625,Broadway,Albany,NY,12207,42.6525014,-73.7487353,office,72000.0,7.0,7200.0,72.0,72.0,"{'building_type': 20, 'roof_area': 10, 'geocoding': 20, 'data_quality': 15, 'building_size': 7}",True,high,"['extended_demo', 'manual_input']",,,,,,,,,,,,,,,,,,,,,,,,,,,
SEED_9014115479109321165,"121 Driving Park Ave, Rochester, NY 14613",,,,,,,43.1806394,-77.63319609999999,industrial,,,0.0,,,,True,,['mixed_discovery'],Greater Harvest Church,"church,establishment,place_of_worship,point_of_interest",4.8,25.0,OPERATIONAL,http://gharvestchurch.com/,(585) 496-4647,544.0,1068.1738,1443.1714,463.57233,544.0,260773.64,100,8.5,False,400.0,1608.2603,46.0,4.0,2335.4146,,⛪ Tier 2: Nonprofit/Community,False,75.0,"{'solar_potential': 40, 'icp_relevance': 15, 'building_type': 10, 'business_identified': 7, 'good_rating_bonus': 3}",
SEED_6699454448629738838,"440 East Ave, Rochester, NY 14607",,,,,,,43.155195,-77.59248,industrial,,,0.0,,,,True,,['mixed_discovery'],Grace Road Church,"church,establishment,place_of_worship,point_of_interest",4.8,106.0,OPERATIONAL,http://www.graceroadchurch.org/,(585) 204-0468,523.0,1026.9392,1460.9514,463.57233,523.0,253111.88,100,8.5,False,400.0,1800.2212,58.0,4.0,2348.1018,,⛪ Tier 2: Nonprofit/Community,False,75.0,"{'solar_potential': 40, 'icp_relevance': 15, 'building_type': 10, 'business_identified': 7, 'good_rating_bonus': 3}",
SEED_2474779029374019787,"907 E. Ferry Street, Buffalo, NY",,,,,,,42.9143713,-78.8304558,industrial,,,0.0,,,,True,,['mixed_discovery'],True Bethel Baptist Church,"church,establishment,place_of_worship,point_of_interest",4.7,205.0,OPERATIONAL,http://www.truebethel.com/,(716) 895-8222,26.0,51.052425,1474.9958,463.57233,26.0,12736.161,100,8.75,False,400.0,86.9481,5.0,4.0,2337.1008,,⛪ Tier 2: Nonprofit/Community,False,50.0,"{'solar_potential': 15, 'icp_relevance': 15, 'building_type': 10, 'business_identified': 7, 'good_rating_bonus': 3}",
SEED_-3474712275203612019,"212 Stanislaus St, Buffalo, NY",,,,,,,42.8977251,-78.8314537,industrial,,,0.0,,,,True,,['mixed_discovery'],Saint Adalbert Basilica,"church,establishment,place_of_worship,point_of_interest,tourist_attraction",4.7,41.0,OPERATIONAL,http://www.saintadalbertbasilica.org/,(716) 893-0412,630.0,1237.0396,1428.586,463.57233,630.0,269376.66,100,8.5,False,400.0,1914.0983,45.0,4.0,2364.4827,,⛪ Tier 2: Nonprofit/Community,False,75.0,"{'solar_potential': 40, 'icp_relevance': 15, 'building_type': 10, 'business_identified': 7, 'good_rating_bonus': 3}",
SEED_-602028131061522881,"927 Park Avenue, Syracuse, NY",,,,,,,43.0519859,-76.17919959999999,industrial,,,0.0,,,,True,,['mixed_discovery'],Basilica of the Sacred Heart of Jesus,"church,establishment,place_of_worship,point_of_interest",4.7,79.0,OPERATIONAL,http://www.sacredheartbasilicasyr.org/,(315) 422-2343,580.0,1138.8618,1382.3318,463.57233,580.0,238485.89,100,9.083333,False,400.0,1630.4325,34.0,4.0,2236.051,,⛪ Tier 2: Nonprofit/Community,False,75.0,"{'solar_potential': 40, 'icp_relevance': 15, 'building_type': 10, 'business_identified': 7, 'good_rating_bonus': 3}",
SEED_-2217551501147628118,"7000 All Nations Blvd, East Syracuse, NY 13057",,,,,,,43.1242026,-76.0530852,industrial,,,0.0,,,,True,,['mixed_discovery'],Abundant Life Christian Center,"church,establishment,place_of_worship,point_of_interest,school",4.6,108.0,OPERATIONAL,https://abundantlife.church/,(315) 463-7300,2712.0,5325.1606,1456.5983,463.57233,2712.0,1318211.6,100,8.583333,False,400.0,6934.813,62.0,4.0,2342.133,,⛪ Tier 2: Nonprofit/Community,False,75.0,"{'solar_potential': 40, 'icp_relevance': 15, 'building_type': 10, 'business_identified': 7, 'good_rating_bonus': 3}",
SEED_-4110204674191029313,"125 Eagle Street, Albany, NY 12202",,,,,,,42.6469723,-73.7594383,industrial,,,0.0,,,,True,,['mixed_discovery'],Cathedral of the Immaculate Conception,"church,establishment,place_of_worship,point_of_interest,tourist_attraction",4.7,301.0,OPERATIONAL,https://cathedralic.com/,(518) 463-4447,115.0,225.8088,1392.8016,463.57233,115.0,62533.043,100,7.5833335,False,400.0,337.83487,3.0,4.0,2212.8274,,⛪ Tier 2: Nonprofit/Community,False,70.0,"{'solar_potential': 35, 'icp_relevance': 15, 'building_type': 10, 'business_identified': 7, 'good_rating_bonus': 3}",
SEED_4219943219926835678,"354 Whitney Street, Rochester, NY",,,,,,,43.1637358,-77.6364213,warehouse,,,0.0,,,,True,,['mixed_discovery'],Lumina Industrial Park,,,,,,,20.0,39.271095,1313.0874,463.57233,20.0,8641.336,100,10.5,False,400.0,62.449066,3.0,4.0,2043.1595,,🏭 Tier 1: Manufacturing/Industrial,False,57.0,"{'solar_potential': 15, 'icp_relevance': 25, 'building_type': 10, 'business_identified': 7}",
SEED_-7810298879780282263,"25 Excel Drive, Rochester, NY",,,,,,,43.187147,-77.6115866,warehouse,,,0.0,,,,True,,['mixed_discovery'],SCORE,"establishment,finance,point_of_interest",3.0,6.0,OPERATIONAL,https://score.org/greaterrochester/?utm_source=google-business-profile&utm_medium=organic-soci&utm_campaign=main-website-cta,(585) 263-6473,54.0,106.03196,1476.3826,463.57233,54.0,26024.342,100,8.5,False,400.0,152.065,4.0,4.0,2352.2527,,General Commercial,False,42.0,"{'solar_potential': 25, 'building_type': 10, 'business_identified': 7}",
SEED_-2117009092087128463,"24 Industrial Park Circle, Rochester, NY 14624",,,,,,,43.1308817,-77.7402132,warehouse,,,0.0,,,,True,,['mixed_discovery'],Wegmans Corporate Office,"establishment,point_of_interest",3.0,176.0,OPERATIONAL,http://www.wegmans.com/webapp/wcs/stores/servlet/ProductDisplay?productId=758922&storeId=10052&langId=-1,(800) 934-6267,407.0,799.1668,1331.0802,463.57233,407.0,203006.66,100,9.25,False,400.0,1006.8881,4.0,4.0,2126.9893,,General Commercial,False,57.0,"{'solar_potential': 40, 'building_type': 10, 'business_identified': 7}",
SEED_-7254554542391549682,"2800 Hamburg Turnpike, Buffalo, NY 14218",,,,,,,42.807642,-78.8421633,industrial,,,0.0,,,,True,,['mixed_discovery'],Steelworks Industrial Park,,,,,,,29418.0,57763.855,1458.3287,463.57233,29418.0,14710249.0,100,8.416667,False,400.0,68476.03,99.0,4.0,2333.2332,,🏭 Tier 1: Manufacturing/Industrial,False,82.0,"{'solar_potential': 40, 'icp_relevance': 25, 'building_type': 10, 'business_identified': 7}",
SEED_-875374504358232657,"575 Kennedy Road, Cheektowaga, NY 14227",,,,,,,42.8994165,-78.7755732,warehouse,,,0.0,,,,True,,['mixed_discovery'],Kennedy Warehouse Services,"establishment,point_of_interest,storage",2.3,3.0,OPERATIONAL,http://www.bw-ny.com/introsummary.html,(716) 897-1606,134.0,263.11636,1368.0187,463.57233,134.0,70735.91,100,9.083333,False,400.0,401.23483,1.0,4.0,2148.7622,,📦 Tier 1: Warehousing/Storage,False,77.0,"{'solar_potential': 35, 'icp_relevance': 25, 'building_type': 10, 'business_identified': 7}",
SEED_1226158027160354848,"5171 Route 31, Town of Clay, NY 13041",,,,,,,43.18637700000001,-76.159269,warehouse,,,0.0,,,,True,,['mixed_discovery'],White Pine Commerce Park,,,,,,,0.0,,,,,0.0,,,,,,,,,,General Commercial,False,39.0,"{'solar_potential': 12, 'financial_viability': 10, 'building_type': 10, 'business_identified': 7}",True
SEED_3869526251443172870,"300 Great Oaks Blvd, Albany, NY 12203",,,,,,,42.6812651,-73.8466847,warehouse,,,0.0,,,,True,,['mixed_discovery'],Great Oaks Office Park,"establishment,point_of_interest",4.6,97.0,OPERATIONAL,http://www.greatoaksofficepark.com/,(518) 869-9302,1076.0,2112.785,1384.86,463.57233,1076.0,579230.3,100,7.6666665,False,400.0,2779.295,7.0,4.0,2219.3362,,General Commercial,False,60.0,"{'solar_potential': 40, 'building_type': 10, 'business_identified': 7, 'good_rating_bonus': 3}",
SEED_4209989172650237377,"4253 Albany St, Albany, NY 12205",,,,,,,42.730906,-73.8614619,warehouse,,,0.0,,,,True,,['mixed_discovery'],"Lansing Building Products - Albany, NY","establishment,point_of_interest,store",4.5,26.0,OPERATIONAL,https://www.lansingnow.com/visitor/lansing-branches/new-york/albany-ny?&destinationWarehouseCode=ABNY,(518) 862-1490,1199.0,2354.3022,1372.0741,463.57233,1199.0,646184.7,100,7.6666665,False,400.0,2863.4724,4.0,4.0,2216.1565,,General Commercial,False,60.0,"{'solar_potential': 40, 'building_type': 10, 'business_identified': 7, 'good_rating_bonus': 3}",
SEED_2453814435221608800,"1200 William Street, Buffalo, NY 14240",,,,,,,42.8854885,-78.8262106,warehouse,,,0.0,,,,True,,['mixed_discovery'],United States Postal Service,"establishment,finance,local_government_office,point_of_interest,post_office",2.6,134.0,OPERATIONAL,https://tools.usps.com/locations/details/1433722?utm_source=google-my-business-url&utm_medium=search&utm_campaign=yext,(800) 275-8777,121.0,237.59013,1394.4513,463.57233,121.0,63538.74,100,8.666667,False,400.0,302.3964,3.0,4.0,2208.5833,,General Commercial,False,52.0,"{'solar_potential': 35, 'building_type': 10, 'business_identified': 7}",
SEED_-2929440058207073385,"1335 Jefferson Rd, Rochester, NY 14692",,,,,,,43.086289,-77.5941717,warehouse,,,0.0,,,,True,,['mixed_discovery'],United States Postal Service,"establishment,finance,local_government_office,point_of_interest,post_office",2.4,230.0,OPERATIONAL,https://tools.usps.com/locations/details/1433854?utm_source=google-my-business-url&utm_medium=search&utm_campaign=yext,(800) 275-8777,98.0,192.42838,1468.5461,463.57233,98.0,49009.18,100,8.5,False,400.0,290.8782,5.0,4.0,2347.1821,,General Commercial,False,42.0,"{'solar_potential': 25, 'building_type': 10, 'business_identified': 7}",
SMART_ChIJtw6e_2YJ04kRfQvlh39pTq0,"100 Allied Dr, Buffalo, NY 14227, United States",,,,,,,42.89703739999999,-78.7804731,industrial,,,0.0,,,,,,"['smart_discovery', 'cold storage facilities in Tonawanda NY']",Lineage Logistics,"establishment,point_of_interest,storage",4.2,20.0,OPERATIONAL,https://www.onelineage.com/,(716) 894-4000,2734.0,5368.359,1355.3074,463.57233,2734.0,1457358.0,100,8.916667,False,400.0,6021.4624,4.0,4.0,2173.4429,,📦 Tier 1: Warehousing/Storage,False,85.0,"{'solar_potential': 40, 'icp_relevance': 25, 'building_type': 10, 'business_identified': 7, 'good_rating_bonus': 3}",
SMART_ChIJCQxQPwAN04kR6NT_Y6qm0qo,"160 Empire Dr, Buffalo, NY 14224, United States",,,,,,,42.860281,-78.76284,industrial,,,0.0,,,,,,"['smart_discovery', 'cold storage facilities in Tonawanda NY']","Rosina Food Products, Inc.","establishment,food,grocery_or_supermarket,point_of_interest,store",3.9,27.0,OPERATIONAL,http://www.rosina.com/,(716) 608-8500,168.0,329.87723,1399.3822,463.57233,168.0,86439.82,100,8.583333,False,400.0,456.79147,4.0,4.0,2229.899,,General Commercial,False,52.0,"{'solar_potential': 35, 'building_type': 10, 'business_identified': 7}",
SMART_ChIJpVYuqKpy04kRGF4GutTCZjs,"2381 Fillmore Ave, Buffalo, NY 14214, United States",,,,,,,42.9384075,-78.8390732,industrial,,,0.0,,,,,,"['smart_discovery', 'cold storage facilities in Tonawanda NY']",ecs warehouse,,,,,,,49.0,96.21419,1347.3827,463.57233,49.0,24308.188,100,9.166667,False,400.0,147.23753,4.0,4.0,2103.5405,,📦 Tier 1: Warehousing/Storage,False,57.0,"{'solar_potential': 15, 'icp_relevance': 25, 'building_type': 10, 'business_identified': 7}",
SMART_ChIJAVa1l_AM04kRPE5AoxUv_ZM,"2501 Broadway, Buffalo, NY 14227, United States",,,,,,,42.8994572,-78.7807435,industrial,,,0.0,,,,,,"['smart_discovery', 'cold storage facilities in Tonawanda NY']",Lineage,"establishment,point_of_interest,storage",3.6,120.0,OPERATIONAL,https://www.onelineage.com/?utm_source=gmb&utm_medium=yext,(716) 894-4000,3657.0,7180.72,1357.0682,463.57233,3657.0,1951746.4,100,8.75,False,400.0,7898.855,4.0,4.0,2194.9463,,📦 Tier 1: Warehousing/Storage,False,82.0,"{'solar_potential': 40, 'icp_relevance': 25, 'building_type': 10, 'business_identified': 7}",
SMART_ChIJa7GR_lxt04kREzq8TGtZCVA,"232 Sawyer Ave, Tonawanda Town, NY 14150, United States",,,,,,,42.9761231,-78.9218041,industrial,,,0.0,,,,,,"['smart_discovery', 'cold storage facilities in Tonawanda NY']",Buffalo Biodiesel Inc,"establishment,point_of_interest",4.0,559.0,OPERATIONAL,http://www.buffalobiodiesel.com/,(800) 721-1427,65.0,127.631065,1366.4283,463.57233,65.0,34657.59,100,8.833333,False,400.0,175.2381,2.0,4.0,2168.2417,,General Commercial,False,45.0,"{'solar_potential': 25, 'building_type': 10, 'business_identified': 7, 'good_rating_bonus': 3}",
SMART_ChIJJ-AALwt21IkRm0zuftQ688o,"630 Main St, Medina, NY 14103, United States",,,,,,,43.2179306,-78.38755739999999,industrial,,,0.0,,,,,,"['smart_discovery', 'cold storage facilities in Tonawanda NY']",Medina Cold Storage Co Inc,"establishment,point_of_interest,storage",4.6,33.0,OPERATIONAL,http://www.medinacoldstorage.com/,(585) 798-3811,0.0,,,,,0.0,,,,,,,,,,📦 Tier 1: Warehousing/Storage,False,67.0,"{'solar_potential': 12, 'icp_relevance': 25, 'financial_viability': 10, 'building_type': 10, 'business_identified': 7, 'good_rating_bonus': 3}",True
SMART_ChIJ1d7uETWB1IkRrttjC7IkyYs,"5796 Wilson Burt Rd, Burt, NY 14028, United States",,,,,,,43.3080023,-78.7230142,industrial,,,0.0,,,,,,"['smart_discovery', 'cold storage facilities in Tonawanda NY']",Niagara Fresh Fruit Company,"establishment,food,point_of_interest",4.9,11.0,OPERATIONAL,http://niagarafreshfruit.com/,(716) 778-7631,0.0,,,,,0.0,,,,,,,,,,General Commercial,False,42.0,"{'solar_potential': 12, 'financial_viability': 10, 'building_type': 10, 'business_identified': 7, 'good_rating_bonus': 3}",True
SMART_ChIJ6ZQZVlVv04kR0z7EV01NbdU,"836 Niagara Falls Blvd, North Tonawanda, NY 14120, United States",,,,,,,43.0589926,-78.84112449999999,industrial,,,0.0,,,,,,"['smart_discovery', 'cold storage facilities in Tonawanda NY']",Secure Storage,"establishment,point_of_interest,storage",5.0,41.0,OPERATIONAL,https://www.securestorage.org/locations/north-tonawanda-ny-14120?utm_source=google&utm_medium=organic&utm_campaign=gbp,(716) 614-0400,6.0,11.781329,1347.269,463.57233,6.0,2951.7283,100,11.666667,False,400.0,23.405428,2.0,4.0,1976.9424,,📦 Tier 1: Warehousing/Storage,False,60.0,"{'solar_potential': 15, 'icp_relevance': 25, 'building_type': 10, 'business_identified': 7, 'good_rating_bonus': 3}",
SMART_ChIJiR5lP7Vt04kREfp0RpujXyA,"2250 Military Rd, Tonawanda, NY 14150, United States",,,,,,,42.9981534,-78.8827182,industrial,,,0.0,,,,,,"['smart_discovery', 'cold storage facilities in Tonawanda NY']",Tonawanda Self Store,,,,,,,23.0,45.161762,1425.651,463.57233,23.0,11475.912,100,9.083333,False,400.0,79.59682,4.0,4.0,2261.1506,,General Commercial,False,32.0,"{'solar_potential': 15, 'building_type': 10, 'business_identified': 7}",
SMART_ChIJNfDThPBv04kRx9qFLWXnujY,"1212 Erie Ave, North Tonawanda, NY 14120, United States",,,,,,,43.0517124,-78.8470635,industrial,,,0.0,,,,,,"['smart_discovery', 'cold storage facilities in Tonawanda NY']",North Tonawanda Self Storage,"establishment,point_of_interest,storage",5.0,3.0,OPERATIONAL,https://www.northtonawandaselfstorage.com/,(716) 340-0005,54.0,106.03196,1318.6653,463.57233,54.0,27156.152,100,9.333333,False,400.0,134.18793,1.0,4.0,2065.037,,📦 Tier 1: Warehousing/Storage,False,70.0,"{'solar_potential': 25, 'icp_relevance': 25, 'building_type': 10, 'business_identified': 7, 'good_rating_bonus': 3}",
SMART_ChIJaZNMxStt04kR0buOGwKQ7Gk,"1 Scrivner Dr, Cheektowaga, NY 14227, United States",,,,,,,42.8718496,-78.74998649999999,industrial,,,0.0,,,,,,"['smart_discovery', 'cold storage facilities in Tonawanda NY']","Latina Boulevard Foods, LLC","establishment,point_of_interest",4.4,136.0,OPERATIONAL,https://www.latinaboulevardfoods.com/,(716) 656-8400,16.0,31.416878,1337.4928,463.57233,16.0,7689.9106,100,9.583333,False,400.0,46.81892,2.0,4.0,2048.0403,,General Commercial,False,35.0,"{'solar_potential': 15, 'building_type': 10, 'business_identified': 7, 'good_rating_bonus': 3}",
SMART_ChIJzScgSrwG1IkRSk3R_HZBAnY,"16677 Holley Rd #31, Holley, NY 14470, United States",,,,,,,43.2265247,-78.0405522,industrial,,,0.0,,,,,,"['smart_discovery', 'cold storage facilities in Tonawanda NY']",Holley Cold Storage,"establishment,point_of_interest,storage",4.8,63.0,OPERATIONAL,https://holleycoldstorage.com/,(585) 638-6393,0.0,,,,,0.0,,,,,,,,,,📦 Tier 1: Warehousing/Storage,False,67.0,"{'solar_potential': 12, 'icp_relevance': 25, 'financial_viability': 10, 'building_type': 10, 'business_identified': 7, 'good_rating_bonus': 3}",True
SMART_ChIJtaZer9YT04kRgD-zetJLIBw,"31 Tonawanda St, Buffalo, NY 14207, United States",,,,,,,42.9298617,-78.8968636,industrial,,,0.0,,,,,,"['smart_discovery', 'cold storage facilities in Tonawanda NY']",Secure Storage,"establishment,point_of_interest,storage,store",4.9,114.0,OPERATIONAL,https://www.securestorage.org/locations/buffalo-ny-14207?utm_source=google&utm_medium=organic&utm_campaign=gbp,(716) 770-1588,2346.0,4606.4995,1363.8999,463.57233,2346.0,1200431.9,100,8.583333,False,400.0,5854.318,26.0,4.0,2239.4756,,📦 Tier 1: Warehousing/Storage,False,85.0,"{'solar_potential': 40, 'icp_relevance': 25, 'building_type': 10, 'business_identified': 7, 'good_rating_bonus': 3}",
SMART_ChIJJZSiBsRt04kR_KD3k4Wxme0,"2122 Colvin Blvd, Tonawanda, NY 14150, United States",,,,,,,42.99519009999999,-78.85405039999999,industrial,,,0.0,,,,,,"['smart_discovery', 'cold storage facilities in Tonawanda NY']",Extra Space Storage,"establishment,moving_company,point_of_interest,storage,store",4.9,473.0,OPERATIONAL,https://www.extraspace.com/storage/facilities/us/new_york/tonawanda/3934/?cid=org::maps&utm_source=google&utm_medium=organic&utm_campaign=org::maps,(716) 245-7117,4725.0,9277.797,1411.5393,463.57233,4725.0,2461829.5,100,8.583333,False,400.0,12561.769,87.0,4.0,2278.877,,📦 Tier 1: Warehousing/Storage,False,85.0,"{'solar_potential': 40, 'icp_relevance': 25, 'building_type': 10, 'business_identified': 7, 'good_rating_bonus': 3}",
SMART_ChIJa43Z0Gxi04kRRZ73TrNO8f4,"3621 Curtis Ave, Ransomville, NY 14131, United States",,,,,,,43.2388455,-78.9056921,industrial,,,0.0,,,,,,"['smart_discovery', 'cold storage facilities in Tonawanda NY']",Ransomville Cold Storage Co,,,,,,,0.0,,,,,0.0,,,,,,,,,,📦 Tier 1: Warehousing/Storage,False,64.0,"{'solar_potential': 12, 'icp_relevance': 25, 'financial_viability': 10, 'building_type': 10, 'business_identified': 7}",True
SMART_ChIJ58Nosn0G1IkR4lZuFD8NL4A,"16213 Lynch Rd, Holley, NY 14470, United States",,,,,,,43.2362291,-78.0676952,industrial,,,0.0,,,,,,"['smart_discovery', 'cold storage facilities in Tonawanda NY']",CW Cold Storage,,,,,,,0.0,,,,,0.0,,,,,,,,,,📦 Tier 1: Warehousing/Storage,False,64.0,"{'solar_potential': 12, 'icp_relevance': 25, 'financial_viability': 10, 'building_type': 10, 'business_identified': 7}",True
SMART_ChIJba1fhb9t04kRzpF9Zyk5Xvc,"105 Hospitality Center Way, Tonawanda, NY 14150, United States",,,,,,,42.9970802,-78.8627168,industrial,,,0.0,,,,,,"['smart_discovery', 'cold storage facilities in Tonawanda NY']",Public Storage,"establishment,point_of_interest,storage,store",4.7,371.0,OPERATIONAL,https://www.publicstorage.com/self-storage-ny-tonawanda/1583.html?pspid=pslocalsearch&utm_source=google&utm_medium=local_maps,(716) 243-2450,447.0,877.70905,1356.6328,463.57233,447.0,233618.64,100,8.833333,False,400.0,1092.7524,3.0,4.0,2164.8281,,📦 Tier 1: Warehousing/Storage,False,85.0,"{'solar_potential': 40, 'icp_relevance': 25, 'building_type': 10, 'business_identified': 7, 'good_rating_bonus': 3}",
SMART_ChIJdW-BAYfK1okRgoPQboHuxtc,"2 Rockwood St #5, Rochester, NY 14610, United States",,,,,,,43.1453944,-77.5518204,industrial,,,0.0,,,,,,"['smart_discovery', 'cold storage facilities in Tonawanda NY']",Rochester Cold Storage,,,,,,,843.0,1655.2767,1379.6333,463.57233,843.0,437352.34,100,8.833333,False,400.0,2315.2505,25.0,4.0,2216.0544,,📦 Tier 1: Warehousing/Storage,False,82.0,"{'solar_potential': 40, 'icp_relevance': 25, 'building_type': 10, 'business_identified': 7}",
SMART_ChIJ245Xr2A314kRrMdrDyu3N3w,"10345 Storage Ave, Rose, NY 14542, United States",,,,,,,43.1845613,-76.89299969999999,industrial,,,0.0,,,,,,"['smart_discovery', 'cold storage facilities in Tonawanda NY']",Sodus Cold Storage,"establishment,point_of_interest,storage",4.7,15.0,OPERATIONAL,https://www.soduscoldstorage.com/,(315) 587-2045,0.0,,,,,0.0,,,,,,,,,,📦 Tier 1: Warehousing/Storage,False,67.0,"{'solar_potential': 12, 'icp_relevance': 25, 'financial_viability': 10, 'building_type': 10, 'business_identified': 7, 'good_rating_bonus': 3}",True
SMART_ChIJGR-VT2ds04kRYUvasiHjB1c,"625 Ensminger Rd, Tonawanda, NY 14150, United States",,,,,,,42.9882709,-78.9065652,industrial,,,0.0,,,,,,"['smart_discovery', 'cold storage facilities in Tonawanda NY']",Buffalo Granite & Marble,"establishment,general_contractor,home_goods_store,point_of_interest,store",4.8,127.0,OPERATIONAL,https://buffalograniteandmarble.com/,(716) 875-4700,1140.0,2238.4526,1376.5885,463.57233,1140.0,610298.6,100,8.666667,False,400.0,2638.1162,3.0,4.0,2213.835,,General Commercial,False,60.0,"{'solar_potential': 40, 'building_type': 10, 'business_identified': 7, 'good_rating_bonus': 3}",
SMART_ChIJ_V1Krsgf2okRTUD-6SK7EqM,"3181 US-11, Lafayette, NY 13084, United States",,,,,,,42.9257149,-76.1200022,industrial,,,0.0,,,,,,"['smart_discovery', 'auto auction sites in Clay NY']",CNY Auto Auction Inc,"car_dealer,establishment,point_of_interest,store",4.3,76.0,OPERATIONAL,https://cnyaa.com/,(315) 677-5201,0.0,,,,,0.0,,,,,,,,,,🚗 Tier 2: Auto/Equipment,False,57.0,"{'solar_potential': 12, 'icp_relevance': 15, 'financial_viability': 10, 'building_type': 10, 'business_identified': 7, 'good_rating_bonus': 3}",True
SMART_ChIJMz5c1Wbr2YkR7N6fsxq4vB0,"5930 NY-31, Cicero, NY 13039, United States",,,,,,,43.1752652,-76.1102782,industrial,,,0.0,,,,,,"['smart_discovery', 'auto auction sites in Clay NY']",ADESA Syracuse,"car_dealer,establishment,point_of_interest,store",4.2,169.0,OPERATIONAL,https://www.adesa.com/auction_location/adesa-syracuse/,(315) 699-2792,813.0,1596.3701,1366.2175,463.57233,813.0,427580.0,100,9.166667,False,400.0,2084.551,12.0,4.0,2207.8767,,General Commercial,False,60.0,"{'solar_potential': 40, 'building_type': 10, 'business_identified': 7, 'good_rating_bonus': 3}",
SMART_ChIJZVNBx3rr2YkR3hIAIK52htQ,"8459 Brewerton Rd, Cicero, NY 13039, United States",,,,,,,43.179594,-76.1246239,industrial,,,0.0,,,,,,"['smart_discovery', 'auto auction sites in Clay NY']",IAA Syracuse,"establishment,point_of_interest",4.2,71.0,OPERATIONAL,https://www.iaai.com/locations/628?utm_source=Google&utm_medium=organic&utm_campaign=dac-local-listing-sitelocation,(315) 699-2622,405.0,795.23975,1339.0898,463.57233,405.0,212736.45,100,9.333333,False,400.0,945.53644,3.0,4.0,2139.0313,,General Commercial,False,60.0,"{'solar_potential': 40, 'building_type': 10, 'business_identified': 7, 'good_rating_bonus': 3}",
SMART_ChIJOYxpGF920YkRKR8c9WAnVIs,"10010 Main St, Dansville, NY 14437, United States",,,,,,,42.5458266,-77.68111630000001,industrial,,,0.0,,,,,,"['smart_discovery', 'auto auction sites in Clay NY']",Expressway Auto Auction Inc,"car_dealer,establishment,point_of_interest,store",4.4,99.0,OPERATIONAL,http://www.expresswayauto.com/,(585) 335-6071,0.0,,,,,0.0,,,,,,,,,,🚗 Tier 2: Auto/Equipment,False,57.0,"{'solar_potential': 12, 'icp_relevance': 15, 'financial_viability': 10, 'building_type': 10, 'business_identified': 7, 'good_rating_bonus': 3}",True
SMART_ChIJTZqiM3fq2YkR3G5GyE41bXw,"46 Zuk-Pierce Rd Bldg 1, Central Square, NY 13036, United States",,,,,,,43.2454283,-76.14585249999999,industrial,,,0.0,,,,,,"['smart_discovery', 'auto auction sites in Clay NY']",Copart - Syracuse,"car_dealer,car_repair,establishment,point_of_interest,store",3.5,92.0,OPERATIONAL,https://www.copart.com/locations/syracuse-ny-25?utm_source=google&utm_medium=organic&utm_campaign=gmb&utm_content=link-website,(315) 676-7153,0.0,,,,,0.0,,,,,,,,,,General Commercial,False,39.0,"{'solar_potential': 12, 'financial_viability': 10, 'building_type': 10, 'business_identified': 7}",True
SMART_ChIJzTSTlrML0IkRikICRuEI-0E,"830 Talmadge Hill Rd S, Waverly, NY 14892, United States",,,,,,,42.0114262,-76.5081132,industrial,,,0.0,,,,,,"['smart_discovery', 'auto auction sites in Clay NY']","State Line Auto Auction, Inc.","car_dealer,establishment,point_of_interest,store",4.4,274.0,OPERATIONAL,http://www.statelineauto.com/,(607) 565-8151,0.0,,,,,0.0,,,,,,,,,,🚗 Tier 2: Auto/Equipment,False,57.0,"{'solar_potential': 12, 'icp_relevance': 15, 'financial_viability': 10, 'building_type': 10, 'business_identified': 7, 'good_rating_bonus': 3}",True
SMART_ChIJ0fukLMMa04kRykVaHK47FmY,"4781 Camp Rd, Hamburg, NY 14075, United States",,,,,,,42.7566862,-78.85936889999999,industrial,,,0.0,,,,,,"['smart_discovery', 'auto auction sites in Clay NY']",West Herr Auto Exchange Wholesale Auction,"car_dealer,establishment,point_of_interest,store",3.8,38.0,OPERATIONAL,http://westherrautoexchange.com/,(716) 312-0182,510.0,1001.41296,1405.0483,463.57233,510.0,260380.45,100,8.5,False,400.0,1136.4034,4.0,4.0,2249.2356,,🚗 Tier 2: Auto/Equipment,False,72.0,"{'solar_potential': 40, 'icp_relevance': 15, 'building_type': 10, 'business_identified': 7}",
SMART_ChIJCaBUkSrA2YkR_ad1mOYe5v8,"988 County Rte 37, Central Square, NY 13036, United States",,,,,,,43.2448432,-76.1295676,industrial,,,0.0,,,,,,"['smart_discovery', 'auto auction sites in Clay NY']",Crossroads Auction Center,,,,,,,0.0,,,,,0.0,,,,,,,,,,General Commercial,False,39.0,"{'solar_potential': 12, 'financial_viability': 10, 'building_type': 10, 'business_identified': 7}",True
SMART_ChIJ4zdx1R9L0YkR-WAQa3VL4Xk,"3600 W Henrietta Rd, Rochester, NY 14623, United States",,,,,,,43.0799073,-77.63930119999999,industrial,,,0.0,,,,,,"['smart_discovery', 'auto auction sites in Clay NY']",CarMax,"car_dealer,establishment,point_of_interest,store",4.3,1337.0,OPERATIONAL,https://www.carmax.com/stores/6043?utm_source=SEO_Local&utm_medium=SEO_Local_Snack_Pack&utm_campaign=SEO_NY&utm_content=SEO_Rochester&utm_term=SEO_6043,(585) 334-3402,1093.0,2146.1655,1366.9891,463.57233,1093.0,563186.94,100,9.0,False,400.0,3337.025,18.0,4.0,2192.422,,General Commercial,False,60.0,"{'solar_potential': 40, 'building_type': 10, 'business_identified': 7, 'good_rating_bonus': 3}",
SMART_ChIJZ4j0t27j04kRN_Yq0OBstF8,"4 West Ave Bldg 1, Le Roy, NY 14482, United States",,,,,,,42.9814991,-78.0034392,industrial,,,0.0,,,,,,"['smart_discovery', 'auto auction sites in Clay NY']",American Legion,"establishment,point_of_interest",4.3,39.0,OPERATIONAL,,(585) 768-8597,0.0,,,,,0.0,,,,,,,,,,General Commercial,False,42.0,"{'solar_potential': 12, 'financial_viability': 10, 'building_type': 10, 'business_identified': 7, 'good_rating_bonus': 3}",True
SMART_ChIJy7Gix-T904kRT6DMEY5b8_A,"7149 Apple Tree Ave, Bergen, NY 14416, United States",,,,,,,43.0696725,-77.9406681,industrial,,,0.0,,,,,,"['smart_discovery', 'auto auction sites in Clay NY']",IAA Rochester,"establishment,point_of_interest",4.4,38.0,OPERATIONAL,https://www.iaai.com/locations/671?utm_source=Google&utm_medium=organic&utm_campaign=dac-local-listing-sitelocation,(585) 494-2185,0.0,,,,,0.0,,,,,,,,,,General Commercial,False,42.0,"{'solar_potential': 12, 'financial_viability': 10, 'building_type': 10, 'business_identified': 7, 'good_rating_bonus': 3}",True
SMART_ChIJ_dmj7y-N2YkRKMXY-AiRxBg,"304 W 2nd St, East Syracuse, NY 13057, United States",,,,,,,43.0608928,-76.07436059999999,industrial,,,0.0,,,,,,"['smart_discovery', 'auto auction sites in Clay NY']","Syracuse Tile & Marble, Inc.","establishment,furniture_store,general_contractor,home_goods_store,point_of_interest,store",4.8,60.0,OPERATIONAL,http://www.syracusetileandmarble.com/,(315) 437-8127,76.0,149.23016,1339.9912,463.57233,76.0,39814.965,100,9.416667,False,400.0,186.66028,1.0,4.0,2113.0884,,General Commercial,False,45.0,"{'solar_potential': 25, 'building_type': 10, 'business_identified': 7, 'good_rating_bonus': 3}",
SMART_ChIJeVl0nWiz1okRdOjoqUy17ow,"20 Cairn St, Rochester, NY 14611, United States",,,,,,,43.14361820000001,-77.6644642,industrial,,,0.0,,,,,,"['smart_discovery', 'auto auction sites in Clay NY']",Central Auto Auction,"car_dealer,establishment,point_of_interest,store",4.3,70.0,OPERATIONAL,,(585) 328-2277,798.0,1566.9167,1378.5521,463.57233,798.0,419344.03,100,9.0,False,400.0,2227.4136,24.0,4.0,2217.9763,,🚗 Tier 2: Auto/Equipment,False,75.0,"{'solar_potential': 40, 'icp_relevance': 15, 'building_type': 10, 'business_identified': 7, 'good_rating_bonus': 3}",
SMART_ChIJ40aj1Afr2YkRb7KPZlB5rc4,"8901 US-11, Brewerton, NY 13029, United States",,,,,,,43.2008489,-76.1312444,industrial,,,0.0,,,,,,"['smart_discovery', 'auto auction sites in Clay NY']",Brewerton Pharmacy and Compounding Center,"establishment,health,pharmacy,point_of_interest,store",4.5,42.0,OPERATIONAL,http://www.brewertonpharmacy.com/,(315) 676-4441,930.0,1826.1061,1369.0138,463.57233,930.0,464028.53,100,9.166667,False,400.0,3282.0496,45.0,4.0,2189.4507,,🏭 Tier 1: Manufacturing/Industrial,False,85.0,"{'solar_potential': 40, 'icp_relevance': 25, 'building_type': 10, 'business_identified': 7, 'good_rating_bonus': 3}",
SMART_ChIJyymlKyi01okRCl4DkJ8Idl4,"2052 St Paul St, Rochester, NY 14621, United States",,,,,,,43.1935459,-77.6167323,church,,,0.0,,,,,,"['smart_discovery', 'large churches in Rochester NY']",Northridge Church - Rochester Campus,"church,establishment,place_of_worship,point_of_interest",4.9,146.0,OPERATIONAL,http://www.northridgerochester.com/,(585) 338-7810,1438.0,2823.5918,1478.7191,463.57233,1438.0,727647.5,100,8.416667,False,400.0,3841.9333,45.0,4.0,2375.6,,⛪ Tier 2: Nonprofit/Community,False,67.0,"{'solar_potential': 40, 'icp_relevance': 15, 'building_type': 2, 'business_identified': 7, 'good_rating_bonus': 3}",
SMART_ChIJ5diBISmw1okR5oyrqnMCZIA,"3651 Latta Rd, Rochester, NY 14612, United States",,,,,,,43.2524405,-77.7406568,church,,,0.0,,,,,,"['smart_discovery', 'large churches in Rochester NY']",Lakeshore Community Church,"church,establishment,place_of_worship,point_of_interest",4.8,75.0,OPERATIONAL,http://www.lakeshorechurch.org/,(585) 392-5253,1444.0,2835.3733,1466.5917,463.57233,1444.0,757037.94,100,8.5,False,400.0,3974.3623,32.0,4.0,2348.961,,⛪ Tier 2: Nonprofit/Community,False,67.0,"{'solar_potential': 40, 'icp_relevance': 15, 'building_type': 2, 'business_identified': 7, 'good_rating_bonus': 3}",
SMART_ChIJDfqYq2hN0YkRGqQS9JJUxdw,"715 Paul Rd, Rochester, NY 14624, United States",,,,,,,43.1048602,-77.7347267,church,,,0.0,,,,,,"['smart_discovery', 'large churches in Rochester NY']",The Father's House,"church,establishment,place_of_worship,point_of_interest",4.7,264.0,OPERATIONAL,https://tfhny.org/,(585) 889-4870,1847.0,3626.6858,1371.2871,463.57233,1847.0,973809.7,100,8.916667,False,400.0,4161.815,7.0,4.0,2224.6074,,⛪ Tier 2: Nonprofit/Community,False,67.0,"{'solar_potential': 40, 'icp_relevance': 15, 'building_type': 2, 'business_identified': 7, 'good_rating_bonus': 3}",
SMART_ChIJ4xzNEaO11okRhTFuuVI7u4w,"440 East Ave, Rochester, NY 14607, United States",,,,,,,43.1551951,-77.59248,church,,,0.0,,,,,,"['smart_discovery', 'large churches in Rochester NY']",Grace Road Church,"church,establishment,place_of_worship,point_of_interest",4.8,106.0,OPERATIONAL,http://www.graceroadchurch.org/,(585) 204-0468,523.0,1026.9392,1460.9514,463.57233,523.0,253111.88,100,8.5,False,400.0,1800.2212,58.0,4.0,2348.1018,,⛪ Tier 2: Nonprofit/Community,False,67.0,"{'solar_potential': 40, 'icp_relevance': 15, 'building_type': 2, 'business_identified': 7, 'good_rating_bonus': 3}",
SMART_ChIJK5HMpLvL1okRy2XJkbsA4hQ,"2530 Browncroft Blvd, Rochester, NY 14625, United States",,,,,,,43.1546731,-77.5008556,church,,,0.0,,,,,,"['smart_discovery', 'large churches in Rochester NY']",2509 BROWNCROFT BLVD,"establishment,point_of_interest",,,OPERATIONAL,,,2687.0,5276.072,1464.4532,463.57233,2687.0,1392151.0,100,8.5,False,400.0,6566.705,23.0,4.0,2363.911,,General Commercial,False,49.0,"{'solar_potential': 40, 'building_type': 2, 'business_identified': 7}",
SMART_ChIJrdt66zi11okR-XBTenVdHDU,"1876 Elmwood Ave, Rochester, NY 14620, United States",,,,,,,43.12648009999999,-77.58664700000001,church,,,0.0,,,,,,"['smart_discovery', 'large churches in Rochester NY']",Faith Church,"church,establishment,place_of_worship,point_of_interest",4.8,111.0,OPERATIONAL,http://faithchurchroc.com/,(585) 473-1680,925.0,1816.2882,1430.2996,463.57233,925.0,473059.53,100,8.583333,False,400.0,2461.1628,18.0,4.0,2291.5706,,⛪ Tier 2: Nonprofit/Community,False,67.0,"{'solar_potential': 40, 'icp_relevance': 15, 'building_type': 2, 'business_identified': 7, 'good_rating_bonus': 3}",
SMART_ChIJIwjNDJe01okR0l96Awxsb9Y,"330 Wellington Ave, Rochester, NY 14619, United States",,,,,,,43.1417316,-77.6405413,church,,,0.0,,,,,,"['smart_discovery', 'large churches in Rochester NY']",New Life Fellowship,"church,establishment,place_of_worship,point_of_interest",4.8,54.0,OPERATIONAL,http://www.newlifeministries.org/,(585) 436-0085,510.0,1001.41296,1455.2998,463.57233,510.0,247653.22,100,8.5,False,400.0,1529.649,34.0,4.0,2342.3508,,⛪ Tier 2: Nonprofit/Community,False,67.0,"{'solar_potential': 40, 'icp_relevance': 15, 'building_type': 2, 'business_identified': 7, 'good_rating_bonus': 3}",
SMART_ChIJs7pDCB-01okRLn6G6rUgF-c,"296 Flower City Park, Rochester, NY 14615, United States",,,,,,,43.1933727,-77.6328602,church,,,0.0,,,,,,"['smart_discovery', 'large churches in Rochester NY']",Sacred Heart Cathedral,"church,establishment,place_of_worship,point_of_interest,tourist_attraction",4.7,330.0,OPERATIONAL,https://sacredheartrochester.org/,(585) 254-3221,1099.0,2157.9468,1370.9955,463.57233,1099.0,499118.3,100,8.833333,False,400.0,3035.6128,69.0,4.0,2230.4524,,⛪ Tier 2: Nonprofit/Community,False,67.0,"{'solar_potential': 40, 'icp_relevance': 15, 'building_type': 2, 'business_identified': 7, 'good_rating_bonus': 3}",
SMART_ChIJ4b190RW01okRKLQb8pqYSQw,"121 Driving Park Ave, Rochester, NY 14613, United States",,,,,,,43.1808219,-77.6334445,church,,,0.0,,,,,,"['smart_discovery', 'large churches in Rochester NY']",Greater Harvest Church,"church,establishment,place_of_worship,point_of_interest",4.8,25.0,OPERATIONAL,http://gharvestchurch.com/,(585) 496-4647,43.0,84.43286,1435.2644,463.57233,43.0,18686.02,100,9.416667,False,400.0,155.62547,9.0,4.0,2203.4636,,⛪ Tier 2: Nonprofit/Community,False,42.0,"{'solar_potential': 15, 'icp_relevance': 15, 'building_type': 2, 'business_identified': 7, 'good_rating_bonus': 3}",
SMART_ChIJ6TcRZw-x1okRHUIwSp7qQ6I,"1301 Vintage Ln, Rochester, NY 14626, United States",,,,,,,43.2303209,-77.6919877,church,,,0.0,,,,,,"['smart_discovery', 'large churches in Rochester NY']",Hope Church - Greece Campus,"church,establishment,place_of_worship,point_of_interest",4.8,155.0,OPERATIONAL,https://sharethehope.org/,(585) 723-4673,1569.0,3080.8176,1456.7821,463.57233,1569.0,829055.0,100,8.416667,False,400.0,4194.643,42.0,4.0,2378.9702,,⛪ Tier 2: Nonprofit/Community,False,67.0,"{'solar_potential': 40, 'icp_relevance': 15, 'building_type': 2, 'business_identified': 7, 'good_rating_bonus': 3}",
SMART_ChIJHce8GAFL0YkRsvd3YRlRGys,"32 Wildbriar Rd, Rochester, NY 14623, United States",,,,,,,43.08199279999999,-77.610799,church,,,0.0,,,,,,"['smart_discovery', 'large churches in Rochester NY']",Victory Church,"church,establishment,place_of_worship,point_of_interest",4.7,41.0,OPERATIONAL,http://discovervictory.com/,(585) 334-8524,835.0,1639.5684,1437.763,463.57233,835.0,430408.22,100,8.5,False,400.0,2310.6707,30.0,4.0,2307.942,,⛪ Tier 2: Nonprofit/Community,False,67.0,"{'solar_potential': 40, 'icp_relevance': 15, 'building_type': 2, 'business_identified': 7, 'good_rating_bonus': 3}",
SMART_ChIJi5dNeBXJ1okR4ju9pa1706Y,"1280 Creek St, Webster, NY 14580, United States",,,,,,,43.1878064,-77.5029113,church,,,0.0,,,,,,"['smart_discovery', 'large churches in Rochester NY']","Blessed Hope Community Church in Webster, NY","church,establishment,place_of_worship,point_of_interest",5.0,16.0,OPERATIONAL,https://www.churches-in-rochester-ny.com/,(585) 662-5759,467.0,916.9801,1459.6096,463.57233,467.0,245124.83,100,9.5,False,400.0,1083.0873,4.0,4.0,2335.4797,,⛪ Tier 2: Nonprofit/Community,False,67.0,"{'solar_potential': 40, 'icp_relevance': 15, 'building_type': 2, 'business_identified': 7, 'good_rating_bonus': 3}",
SMART_ChIJMejOln_K1okRkk-Pb3E3Crk,"50 Carlson Rd, Rochester, NY 14610, United States",,,,,,,43.150953,-77.5606227,church,,,0.0,,,,,,"['smart_discovery', 'large churches in Rochester NY']",Comedy @ The Carlson,"bar,establishment,point_of_interest",4.6,1264.0,OPERATIONAL,http://carlsoncomedy.com/,(585) 426-6339,6549.0,12859.32,1360.4846,463.57233,6549.0,3256991.0,100,8.916667,False,400.0,19716.947,116.0,4.0,2210.2861,,General Commercial,False,52.0,"{'solar_potential': 40, 'building_type': 2, 'business_identified': 7, 'good_rating_bonus': 3}",
SMART_ChIJO-XGxBBT0YkRtoI-LmU2Djs,"3355 Union St, North Chili, NY 14514, United States",,,,,,,43.11345,-77.80435360000001,church,,,0.0,,,,,,"['smart_discovery', 'large churches in Rochester NY']",Encounter Church NY,"church,establishment,place_of_worship,point_of_interest",4.9,32.0,OPERATIONAL,http://www.encounterny.com/,(585) 594-2010,1338.0,2627.2363,1475.8524,463.57233,1338.0,695480.94,100,9.416667,False,400.0,3235.1682,16.0,4.0,2372.2896,,⛪ Tier 2: Nonprofit/Community,False,67.0,"{'solar_potential': 40, 'icp_relevance': 15, 'building_type': 2, 'business_identified': 7, 'good_rating_bonus': 3}",
SMART_ChIJZZTR0-W01okRwhXa6wMUX_E,"700 Exchange St, Rochester, NY 14608, United States",,,,,,,43.1412273,-77.6173185,church,,,0.0,,,,,,"['smart_discovery', 'large churches in Rochester NY']",Church of Love Faith Center,"church,establishment,place_of_worship,point_of_interest",4.5,61.0,OPERATIONAL,http://colfc.org/,(585) 454-3270,550.0,1079.9552,1431.081,463.57233,550.0,274917.22,100,8.5,False,400.0,1662.2732,41.0,4.0,2304.372,,⛪ Tier 2: Nonprofit/Community,False,67.0,"{'solar_potential': 40, 'icp_relevance': 15, 'building_type': 2, 'business_identified': 7, 'good_rating_bonus': 3}",
SMART_ChIJB7tbYIPK1okRj3kMtFQ_rP8,"220 S Winton Rd, Rochester, NY 14610, United States",,,,,,,43.1409992,-77.55717609999999,church,,,0.0,,,,,,"['smart_discovery', 'large churches in Rochester NY']",First Unitarian Church of Rochester,"church,establishment,park,place_of_worship,point_of_interest",4.7,95.0,OPERATIONAL,http://rochesterunitarian.org/,(585) 271-9070,597.0,1172.2423,1367.4725,463.57233,597.0,295718.66,100,9.083333,False,400.0,1945.6451,42.0,4.0,2206.2966,,⛪ Tier 2: Nonprofit/Community,False,67.0,"{'solar_potential': 40, 'icp_relevance': 15, 'building_type': 2, 'business_identified': 7, 'good_rating_bonus': 3}",
SMART_ChIJQ4DQ_Um01okRJ6MlGru7iGE,"859 N Clinton Ave, Rochester, NY 14605, United States",,,,,,,43.1741125,-77.6137232,church,,,0.0,,,,,,"['smart_discovery', 'large churches in Rochester NY']",St. Michael's Church,"church,establishment,place_of_worship,point_of_interest,tourist_attraction",4.6,173.0,OPERATIONAL,https://cabriniroc.org/saint-michaels-church,(585) 325-4041,495.0,971.95966,1390.8401,463.57233,495.0,196586.06,100,8.75,False,400.0,1573.5758,36.0,4.0,2238.6038,,⛪ Tier 2: Nonprofit/Community,False,67.0,"{'solar_potential': 40, 'icp_relevance': 15, 'building_type': 2, 'business_identified': 7, 'good_rating_bonus': 3}",
SMART_ChIJ-76DsPey1okRpJUnOoN-0Yg,"3177 Lyell Rd, Rochester, NY 14606, United States",,,,,,,43.16421709999999,-77.7133522,church,,,0.0,,,,,,"['smart_discovery', 'large churches in Rochester NY']",Rochester Christian Church Ministries,"church,establishment,place_of_worship,point_of_interest",3.7,33.0,OPERATIONAL,http://www.rccm.org/,(585) 247-4444,796.0,1562.9896,1479.5305,463.57233,796.0,403692.94,100,8.416667,False,400.0,2024.4865,10.0,4.0,2380.3042,,⛪ Tier 2: Nonprofit/Community,False,64.0,"{'solar_potential': 40, 'icp_relevance': 15, 'building_type': 2, 'business_identified': 7}",
SMART_ChIJae5OVFa01okRPlJNHOi5lNU,"121 Fitzhugh St N, Rochester, NY 14614, United States",,,,,,,43.1575,-77.61638889999999,church,,,0.0,,,,,,"['smart_discovery', 'large churches in Rochester NY']",Spiritus Christi Church,"church,establishment,place_of_worship,point_of_interest",4.6,61.0,OPERATIONAL,http://www.spirituschristi.org/,(585) 325-1180,924.0,1814.3247,1435.1304,463.57233,924.0,437840.44,100,8.5,False,400.0,2635.2688,47.0,4.0,2304.7295,,⛪ Tier 2: Nonprofit/Community,False,67.0,"{'solar_potential': 40, 'icp_relevance': 15, 'building_type': 2, 'business_identified': 7, 'good_rating_bonus': 3}",
SMART_ChIJO3nGx1pK0YkRWmSUSC4M0Us,"1125 Calkins Rd, Rochester, NY 14623, United States",,,,,,,43.0680134,-77.59496709999999,church,,,0.0,,,,,,"['smart_discovery', 'large churches in Rochester NY']",Harvest Bible Fellowship,"church,establishment,place_of_worship,point_of_interest",4.9,17.0,OPERATIONAL,https://www.harvestbibleroc.org/,(585) 359-1230,286.0,561.57666,1437.5463,463.57233,286.0,137549.17,100,8.583333,False,400.0,701.28503,7.0,4.0,2296.7312,,⛪ Tier 2: Nonprofit/Community,False,67.0,"{'solar_potential': 40, 'icp_relevance': 15, 'building_type': 2, 'business_identified': 7, 'good_rating_bonus': 3}",
SMART_ChIJQVvmbeKS2YkRx_Qdyw7jRlg,"7000 All Nations Blvd, East Syracuse, NY 13057, United States",,,,,,,43.1245109,-76.0533991,church,,,0.0,,,,,,"['smart_discovery', 'mega churches in Syracuse NY']",Abundant Life Christian Center,"church,establishment,place_of_worship,point_of_interest,school",4.6,108.0,OPERATIONAL,https://abundantlife.church/,(315) 463-7300,2712.0,5325.1606,1456.5983,463.57233,2712.0,1318211.6,100,8.583333,False,400.0,6934.813,62.0,4.0,2342.133,,⛪ Tier 2: Nonprofit/Community,False,67.0,"{'solar_potential': 40, 'icp_relevance': 15, 'building_type': 2, 'business_identified': 7, 'good_rating_bonus': 3}",
SMART_ChIJ7cbHWFCS2YkRbISrMq-YyB0,"7125 Collamer Rd, East Syracuse, NY 13057, United States",,,,,,,43.1120606,-76.03052939999999,church,,,0.0,,,,,,"['smart_discovery', 'mega churches in Syracuse NY']",Life Church,"church,establishment,place_of_worship,point_of_interest",4.7,39.0,OPERATIONAL,http://www.lifechurchcny.com/,(315) 656-7284,874.0,1716.147,1368.1545,463.57233,874.0,452883.16,100,9.166667,False,400.0,2170.6199,12.0,4.0,2184.9045,,⛪ Tier 2: Nonprofit/Community,False,67.0,"{'solar_potential': 40, 'icp_relevance': 15, 'building_type': 2, 'business_identified': 7, 'good_rating_bonus': 3}",
SMART_ChIJQ_9SXBnt2YkRjQLBxa4uBNw,"911 Church St, Syracuse, NY 13212, United States",,,,,,,43.1280563,-76.1135819,church,,,0.0,,,,,,"['smart_discovery', 'mega churches in Syracuse NY']",North Syracuse Christian Church,"church,establishment,place_of_worship,point_of_interest",4.9,42.0,OPERATIONAL,https://northsyracusechristianchurch.weebly.com/,,373.0,732.40594,1387.0728,463.57233,373.0,179784.9,100,9.0,False,400.0,890.30005,7.0,4.0,2230.4739,,⛪ Tier 2: Nonprofit/Community,False,67.0,"{'solar_potential': 40, 'icp_relevance': 15, 'building_type': 2, 'business_identified': 7, 'good_rating_bonus': 3}",
SMART_ChIJt3pZotb22YkRM_YK5AAqVyA,"2515 W Genesee St, Syracuse, NY 13219, United States",,,,,,,43.0467305,-76.20722549999999,church,,,0.0,,,,,,"['smart_discovery', 'mega churches in Syracuse NY']",Grace Assembly of God Church,"church,establishment,place_of_worship,point_of_interest",4.9,56.0,OPERATIONAL,http://www.graceagsyracuse.com/,(315) 488-8013,408.0,801.1304,1454.2866,463.57233,408.0,197632.89,100,8.583333,False,400.0,1005.9882,6.0,4.0,2327.519,,🏭 Tier 1: Manufacturing/Industrial,False,77.0,"{'solar_potential': 40, 'icp_relevance': 25, 'building_type': 2, 'business_identified': 7, 'good_rating_bonus': 3}",
SMART_ChIJrdFwzUry2YkRkNBvGFFxX20,"1025 N Townsend St, Syracuse, NY 13208, United States",,,,,,,43.061972,-76.1530669,church,,,0.0,,,,,,"['smart_discovery', 'mega churches in Syracuse NY']",Christian Life Assembly UPC - Syracuse Campus,"church,establishment,place_of_worship,point_of_interest",4.9,31.0,OPERATIONAL,https://claupc.org/,(315) 476-2878,210.0,412.34653,1443.1443,463.57233,210.0,92197.11,100,8.666667,False,400.0,630.5788,10.0,4.0,2307.5933,,🏭 Tier 1: Manufacturing/Industrial,False,72.0,"{'solar_potential': 35, 'icp_relevance': 25, 'building_type': 2, 'business_identified': 7, 'good_rating_bonus': 3}",
SMART_ChIJW_ceq8jz2YkRF4GK_wT7YGU,"620 W Genesee St, Syracuse, NY 13204, United States",,,,,,,43.0539701,-76.1609448,church,,,0.0,,,,,,"['smart_discovery', 'mega churches in Syracuse NY']",Missio Church | Downtown Syracuse,"church,establishment,place_of_worship,point_of_interest",4.9,44.0,OPERATIONAL,http://missiochurch.org/,(315) 299-4101,291.0,571.3945,1366.513,463.57233,291.0,121529.266,100,9.25,False,400.0,977.5639,47.0,4.0,2207.9578,,⛪ Tier 2: Nonprofit/Community,False,67.0,"{'solar_potential': 40, 'icp_relevance': 15, 'building_type': 2, 'business_identified': 7, 'good_rating_bonus': 3}",
SMART_ChIJBeIxTbPz2YkR2BSraqDU58A,"214 Solar St, Syracuse, NY 13204, United States",,,,,,,43.0594343,-76.1585801,church,,,0.0,,,,,,"['smart_discovery', 'mega churches in Syracuse NY']",Franklin Square Park,"establishment,park,point_of_interest,tourist_attraction",4.6,323.0,OPERATIONAL,https://www.syr.gov/Living/Our-Community/Parks-Recreation-Youth-Services/Visit-Our-Parks/Franklin-Square-Park,(315) 473-4330,491.0,964.1054,1445.7319,463.57233,491.0,239943.33,100,8.583333,False,400.0,1547.5956,35.0,4.0,2323.2476,,General Commercial,False,52.0,"{'solar_potential': 40, 'building_type': 2, 'business_identified': 7, 'good_rating_bonus': 3}",
SMART_ChIJ1Zk_08_t2YkRFQUcMsY3ytw,"7463 Buckley Rd, Syracuse, NY 13212, United States",,,,,,,43.1324408,-76.1663207,church,,,0.0,,,,,,"['smart_discovery', 'mega churches in Syracuse NY']",North Central Church,"church,establishment,place_of_worship,point_of_interest,school",4.7,53.0,OPERATIONAL,http://www.northcentral.org/,(315) 458-0896,580.0,1138.8618,1465.8007,463.57233,580.0,279491.4,100,8.5,False,400.0,1515.5018,19.0,4.0,2345.1829,,⛪ Tier 2: Nonprofit/Community,False,67.0,"{'solar_potential': 40, 'icp_relevance': 15, 'building_type': 2, 'business_identified': 7, 'good_rating_bonus': 3}",
SMART_ChIJb8XlMWjx2YkRDjuzmrTFfwU,"705 Hamilton St, Syracuse, NY 13204, United States",,,,,,,43.0480062,-76.1923218,church,,,0.0,,,,,,"['smart_discovery', 'mega churches in Syracuse NY']",Encounter Christian Fellowship,"church,establishment,place_of_worship,point_of_interest",5.0,16.0,OPERATIONAL,https://encountercf.com/,(315) 488-8721,35.0,68.72442,1295.8113,463.57233,35.0,15341.632,100,10.25,False,400.0,133.26277,7.0,4.0,1970.9716,,⛪ Tier 2: Nonprofit/Community,False,42.0,"{'solar_potential': 15, 'icp_relevance': 15, 'building_type': 2, 'business_identified': 7, 'good_rating_bonus': 3}",
SMART_ChIJqydxCsby2YkRX0BPDuJU4C8,"2384 James St, Syracuse, NY 13206, United States",,,,,,,43.06838339999999,-76.1130147,church,,,0.0,,,,,,"['smart_discovery', 'mega churches in Syracuse NY']",The Palace Theatre,"establishment,food,movie_theater,point_of_interest",4.6,591.0,OPERATIONAL,http://palaceonjames.com/,(315) 463-9240,579.0,1136.8983,1368.7375,463.57233,579.0,291915.25,100,9.25,False,400.0,1864.7825,40.0,4.0,2203.6003,,General Commercial,False,52.0,"{'solar_potential': 40, 'building_type': 2, 'business_identified': 7, 'good_rating_bonus': 3}",
SMART_ChIJmTZQsRvw2YkRPRky_tFr7hU,"312 Lakeside Rd, Syracuse, NY 13209, United States",,,,,,,43.1056445,-76.2550495,church,,,0.0,,,,,,"['smart_discovery', 'mega churches in Syracuse NY']",Vineyard Church - State Fair,"church,establishment,place_of_worship,point_of_interest",4.8,161.0,OPERATIONAL,http://www.vineyardny.org/,(315) 407-8463,1893.0,3717.0093,1358.8335,463.57233,1893.0,1015242.7,100,9.25,False,400.0,4082.0303,1.0,4.0,2166.6816,,⛪ Tier 2: Nonprofit/Community,False,67.0,"{'solar_potential': 40, 'icp_relevance': 15, 'building_type': 2, 'business_identified': 7, 'good_rating_bonus': 3}",
SMART_ChIJfcZ-jq_y2YkRq06TshkT7pA,"6099 Court Street Rd, Syracuse, NY 13206, United States",,,,,,,43.0858395,-76.0977448,church,,,0.0,,,,,,"['smart_discovery', 'mega churches in Syracuse NY']",Living Word Church,"church,establishment,place_of_worship,point_of_interest",4.6,74.0,OPERATIONAL,http://www.livingword.live/,(315) 437-6774,2416.0,4743.9487,1444.2644,463.57233,2416.0,1184465.8,100,8.583333,False,400.0,6447.8467,59.0,4.0,2335.022,,⛪ Tier 2: Nonprofit/Community,False,67.0,"{'solar_potential': 40, 'icp_relevance': 15, 'building_type': 2, 'business_identified': 7, 'good_rating_bonus': 3}",
SMART_ChIJD-odbvvy2YkRJmXDEZ2QTkM,"1228 Teall Ave, Syracuse, NY 13206, United States",,,,,,,43.0637396,-76.12216939999999,church,,,0.0,,,,,,"['smart_discovery', 'mega churches in Syracuse NY']",The Higher Company,"establishment,point_of_interest,store",4.7,70.0,OPERATIONAL,http://thehigherco420.com/,(315) 870-7140,463.0,909.1259,1416.9291,463.57233,463.0,195883.89,100,8.75,False,400.0,1197.7976,14.0,4.0,2276.4297,,General Commercial,False,52.0,"{'solar_potential': 40, 'building_type': 2, 'business_identified': 7, 'good_rating_bonus': 3}",
SMART_ChIJvWFHuW702YkRDHI5N44pnz8,"3112 Midland Ave, Syracuse, NY 13205, United States",,,,,,,43.0096915,-76.1479341,church,,,0.0,,,,,,"['smart_discovery', 'mega churches in Syracuse NY']",Syracuse Alliance Church,"church,establishment,place_of_worship,point_of_interest",4.7,32.0,OPERATIONAL,http://www.syracusealliancechurch.org/,(315) 492-1741,887.0,1741.6732,1441.409,463.57233,887.0,436886.78,100,8.666667,False,400.0,2234.0403,15.0,4.0,2306.8315,,⛪ Tier 2: Nonprofit/Community,False,67.0,"{'solar_potential': 40, 'icp_relevance': 15, 'building_type': 2, 'business_identified': 7, 'good_rating_bonus': 3}",
SMART_ChIJnRBrJEzl2YkRxy7uMTLZnTg,"7247 State Fair Blvd, Syracuse, NY 13209, United States",,,,,,,43.120667,-76.28657299999999,church,,,0.0,,,,,,"['smart_discovery', 'mega churches in Syracuse NY']",New York State Fairgrounds,"establishment,point_of_interest",4.5,9499.0,OPERATIONAL,https://nysfairgrounds.ny.gov/venues/expo-center,(315) 487-7711,388.0,761.8593,1365.5436,463.57233,388.0,208156.36,100,9.25,False,400.0,886.94916,1.0,4.0,2172.88,,General Commercial,False,52.0,"{'solar_potential': 40, 'building_type': 2, 'business_identified': 7, 'good_rating_bonus': 3}",
SMART_ChIJ26C9mjvz2YkRo6YGFQj_2Rg,"3217 E Genesee St, Syracuse, NY 13214, United States",,,,,,,43.0431468,-76.09564499999999,church,,,0.0,,,,,,"['smart_discovery', 'mega churches in Syracuse NY']",Redeemer Church - Syracuse Campus,"church,establishment,place_of_worship,point_of_interest",5.0,7.0,OPERATIONAL,https://www.myredeemerchurch.com/syracuse/,(315) 792-4748,483.0,948.397,1341.9824,463.57233,483.0,253431.13,100,9.333333,False,400.0,1126.5895,3.0,4.0,2137.2874,,⛪ Tier 2: Nonprofit/Community,False,67.0,"{'solar_potential': 40, 'icp_relevance': 15, 'building_type': 2, 'business_identified': 7, 'good_rating_bonus': 3}",
SMART_ChIJnaDi7Knt2YkRCK84AGKMCU0,"420 S Main St, North Syracuse, NY 13212, United States",,,,,,,43.1303059,-76.13409419999999,church,,,0.0,,,,,,"['smart_discovery', 'mega churches in Syracuse NY']",North Syracuse Sales Co Inc.,"establishment,home_goods_store,point_of_interest,store",4.9,17.0,OPERATIONAL,https://rymaps.xyz/business/north-syracuse-sales-co-inc-pftx1p,(315) 452-7890,1828.0,3589.3782,1436.5411,463.57233,1828.0,897255.7,100,8.666667,False,400.0,4708.2295,38.0,4.0,2302.8064,,General Commercial,False,52.0,"{'solar_potential': 40, 'building_type': 2, 'business_identified': 7, 'good_rating_bonus': 3}",
SMART_ChIJL0FKRJfz2YkRt7257oUnWN0,"817 E Willow St, Syracuse, NY 13203, United States",,,,,,,43.0562888,-76.1432006,church,,,0.0,,,,,,"['smart_discovery', 'mega churches in Syracuse NY']",Victory Temple Fellowship Church,,,,,,,215.0,422.1643,1319.7305,463.57233,215.0,103892.18,100,9.416667,False,400.0,593.90546,5.0,4.0,2100.5918,,⛪ Tier 2: Nonprofit/Community,False,59.0,"{'solar_potential': 35, 'icp_relevance': 15, 'building_type': 2, 'business_identified': 7}",
SMART_ChIJPb_qZRLz2YkR0JT_WlSev9w,"512 Westcott St, Syracuse, NY 13210, United States",,,,,,,43.0414167,-76.1195145,church,,,0.0,,,,,,"['smart_discovery', 'mega churches in Syracuse NY']",University Christian Fellowship,"church,establishment,place_of_worship,point_of_interest",5.0,16.0,OPERATIONAL,http://www.ucf.org/,(315) 426-9775,440.0,863.9641,1329.0579,463.57233,440.0,223618.34,100,9.333333,False,400.0,1174.1149,10.0,4.0,2141.7583,,⛪ Tier 2: Nonprofit/Community,False,67.0,"{'solar_potential': 40, 'icp_relevance': 15, 'building_type': 2, 'business_identified': 7, 'good_rating_bonus': 3}",
SMART_ChIJS0dRfKTf2YkRjMfkTPSFa3o,"28 Lakeview Ave, Fulton, NY 13069, United States",,,,,,,43.316263,-76.4265623,industrial,,,0.0,,,,,,"['smart_discovery', 'cold storage facilities in Clay NY']",iFreeze – Storage & Distribution Center,"establishment,point_of_interest,storage",4.6,35.0,OPERATIONAL,http://www.ifreeze.net/,(315) 598-9483,0.0,,,,,0.0,,,,,,,,,,📦 Tier 1: Warehousing/Storage,False,67.0,"{'solar_potential': 12, 'icp_relevance': 25, 'financial_viability': 10, 'building_type': 10, 'business_identified': 7, 'good_rating_bonus': 3}",True
SMART_ChIJXdxJpSTy2YkRfSXSkEctA1Q,"245 Tex Simone Dr, Syracuse, NY 13208, United States",,,,,,,43.07735,-76.1675939,industrial,,,0.0,,,,,,"['smart_discovery', 'cold storage facilities in Clay NY']",Byrne Dairy - Syracuse Cold Storage,"establishment,point_of_interest,storage",3.0,163.0,OPERATIONAL,http://byrnedairy.com/,(315) 475-2121,4055.0,7962.215,1348.2303,463.57233,4055.0,2067522.8,100,9.25,False,400.0,9137.845,9.0,4.0,2156.2231,,📦 Tier 1: Warehousing/Storage,False,82.0,"{'solar_potential': 40, 'icp_relevance': 25, 'building_type': 10, 'business_identified': 7}",
SMART_ChIJK9BP_P7v2YkRAd1TSot6BUs,"264 Farrell Rd, Syracuse, NY 13209, United States",,,,,,,43.1176774,-76.2663348,industrial,,,0.0,,,,,,"['smart_discovery', 'cold storage facilities in Clay NY']",Americold Logistics Syracuse,"establishment,point_of_interest,storage",3.4,263.0,OPERATIONAL,https://www.americold.com/,(315) 451-3150,9731.0,19107.352,1362.9358,463.57233,9731.0,5125446.0,100,,False,400.0,21099.18,10.0,4.0,2204.2048,,📦 Tier 1: Warehousing/Storage,False,82.0,"{'solar_potential': 40, 'icp_relevance': 25, 'building_type': 10, 'business_identified': 7}",
SMART_ChIJxR1WD6kl14kRIGDwezf9wSo,"50 Maple Ave, Sodus, NY 14551, United States",,,,,,,43.2392174,-77.0597315,industrial,,,0.0,,,,,,"['smart_discovery', 'cold storage facilities in Clay NY']",Sodus Cold Storage Co Inc,"establishment,point_of_interest,storage",4.7,67.0,OPERATIONAL,http://soduscoldstorage.com/,(315) 483-6966,0.0,,,,,0.0,,,,,,,,,,📦 Tier 1: Warehousing/Storage,False,67.0,"{'solar_potential': 12, 'icp_relevance': 25, 'financial_viability': 10, 'building_type': 10, 'business_identified': 7, 'good_rating_bonus': 3}",True
SMART_ChIJK95oE_cn14kRzcAPUFBSO5o,"4009 NY 104, Williamson, NY 14589, United States",,,,,,,43.233405,-77.19062699999999,industrial,,,0.0,,,,,,"['smart_discovery', 'cold storage facilities in Clay NY']",Williamson Cold Storage Inc,"establishment,point_of_interest,storage",4.0,20.0,OPERATIONAL,,(315) 589-5351,0.0,,,,,0.0,,,,,,,,,,📦 Tier 1: Warehousing/Storage,False,67.0,"{'solar_potential': 12, 'icp_relevance': 25, 'financial_viability': 10, 'building_type': 10, 'business_identified': 7, 'good_rating_bonus': 3}",True
SMART_ChIJ8VePVn5H14kRTGfdq0mo3yQ,"6051 West Ave, Wolcott, NY 14590, United States",,,,,,,43.22106549999999,-76.82235279999999,industrial,,,0.0,,,,,,"['smart_discovery', 'cold storage facilities in Clay NY']",Wolcott Cold Storage Co Inc,"establishment,point_of_interest,storage",4.5,35.0,OPERATIONAL,http://www.wolcottcoldstorage.com/,(315) 594-8661,0.0,,,,,0.0,,,,,,,,,,📦 Tier 1: Warehousing/Storage,False,67.0,"{'solar_potential': 12, 'icp_relevance': 25, 'financial_viability': 10, 'building_type': 10, 'business_identified': 7, 'good_rating_bonus': 3}",True
SMART_ChIJyyQKDyXr2YkR8HnY_8doaE0,"5425 Baldwin St, Brewerton, NY 13029, United States",,,,,,,43.2383387,-76.14333309999999,industrial,,,0.0,,,,,,"['smart_discovery', 'cold storage facilities in Clay NY']","SRC, Inc. - Corporate Headquarters - Building 1","establishment,point_of_interest",4.0,3.0,OPERATIONAL,http://www.srcinc.com/about/locations/syracuse-ny-building1.html,(315) 452-8000,0.0,,,,,0.0,,,,,,,,,,General Commercial,False,42.0,"{'solar_potential': 12, 'financial_viability': 10, 'building_type': 10, 'business_identified': 7, 'good_rating_bonus': 3}",True
SMART_ChIJOTJsRjjr2YkRxXC5C58EnPU,"4600 Weller Canning Rd, Clay, NY 13041, United States",,,,,,,43.1872225,-76.1716721,industrial,,,0.0,,,,,,"['smart_discovery', 'cold storage facilities in Clay NY']",B&C Storage,"establishment,point_of_interest,storage",5.0,6.0,OPERATIONAL,https://www.bcselfstorage.com/clay-storage/,(315) 469-6200,17.0,33.380432,1403.7557,463.57233,17.0,8109.231,100,10.166667,False,400.0,95.46191,6.0,4.0,2056.5295,,📦 Tier 1: Warehousing/Storage,False,60.0,"{'solar_potential': 15, 'icp_relevance': 25, 'building_type': 10, 'business_identified': 7, 'good_rating_bonus': 3}",
SMART_ChIJD_-6gDLp2YkRXB_O5xKWBts,"4356 NY-31, Clay, NY 13041, United States",,,,,,,43.185738,-76.21284100000001,industrial,,,0.0,,,,,,"['smart_discovery', 'cold storage facilities in Clay NY']",Clay Highway Department,"establishment,point_of_interest",3.0,4.0,OPERATIONAL,,(315) 652-3800,133.0,261.1528,1358.1447,463.57233,133.0,69309.97,100,9.25,False,400.0,304.80115,3.0,4.0,2156.1216,,General Commercial,False,52.0,"{'solar_potential': 35, 'building_type': 10, 'business_identified': 7}",
SMART_ChIJJVuDCu5D14kRbio04ESZiH0,"14018 Keeley St, Red Creek, NY 13143, United States",,,,,,,43.2542288,-76.71641570000001,industrial,,,0.0,,,,,,"['smart_discovery', 'cold storage facilities in Clay NY']",Red Creek Cold Storage,"establishment,point_of_interest,storage",4.5,20.0,OPERATIONAL,http://www.redcreekcs.com/contact--directions.html,(315) 754-8034,0.0,,,,,0.0,,,,,,,,,,📦 Tier 1: Warehousing/Storage,False,67.0,"{'solar_potential': 12, 'icp_relevance': 25, 'financial_viability': 10, 'building_type': 10, 'business_identified': 7, 'good_rating_bonus': 3}",True
SMART_ChIJbwktdBHp2YkRk2FzYpsi7FU,"4155 NY-31, Clay, NY 13041, United States",,,,,,,43.189362,-76.2266429,industrial,,,0.0,,,,,,"['smart_discovery', 'cold storage facilities in Clay NY']",Marketfair North,"establishment,point_of_interest,shopping_mall",4.2,584.0,OPERATIONAL,,,0.0,,,,,0.0,,,,,,,,,,General Commercial,False,42.0,"{'solar_potential': 12, 'financial_viability': 10, 'building_type': 10, 'business_identified': 7, 'good_rating_bonus': 3}",True
SMART_ChIJWbVEo_Yn14kR1py_sHNH4Pk,"6509 Lake Ave, Williamson, NY 14589, United States",,,,,,,43.2357728,-77.18780679999999,industrial,,,0.0,,,,,,"['smart_discovery', 'cold storage facilities in Clay NY']",K M Davies Co,"establishment,point_of_interest,storage",4.7,24.0,OPERATIONAL,http://www.kmdavies.com/,(315) 589-4811,0.0,,,,,0.0,,,,,,,,,,📦 Tier 1: Warehousing/Storage,False,67.0,"{'solar_potential': 12, 'icp_relevance': 25, 'financial_viability': 10, 'building_type': 10, 'business_identified': 7, 'good_rating_bonus': 3}",True
SMART_ChIJjdHzBfcn14kRqMshSgV1X10,"3981 Railroad Ave, Williamson, NY 14589, United States",,,,,,,43.2339997,-77.1912155,industrial,,,0.0,,,,,,"['smart_discovery', 'cold storage facilities in Clay NY']",Williamson Building Supply Llc,"establishment,hardware_store,home_goods_store,locksmith,point_of_interest,store",4.5,16.0,OPERATIONAL,https://stores.truevalue.com/ny/williamson/18507,(315) 589-4221,0.0,,,,,0.0,,,,,,,,,,📦 Tier 1: Warehousing/Storage,False,67.0,"{'solar_potential': 12, 'icp_relevance': 25, 'financial_viability': 10, 'building_type': 10, 'business_identified': 7, 'good_rating_bonus': 3}",True
SMART_ChIJDYQgvh_p2YkR_4VkEa5vRRk,"8530 Henry Clay Blvd, Clay, NY 13041, United States",,,,,,,43.1847278,-76.1994983,industrial,,,0.0,,,,,,"['smart_discovery', 'cold storage facilities in Clay NY']",A-Verdi Self Storage Clay,"establishment,point_of_interest,storage",4.9,50.0,OPERATIONAL,https://www.averdiselfstorage.com/clay,(315) 622-2424,91.0,178.68349,1352.8906,463.57233,91.0,48499.164,100,9.333333,False,400.0,227.49655,1.0,4.0,2146.1978,,📦 Tier 1: Warehousing/Storage,False,70.0,"{'solar_potential': 25, 'icp_relevance': 25, 'building_type': 10, 'business_identified': 7, 'good_rating_bonus': 3}",
SMART_ChIJmY0VamDl2YkRfqONOQE8FNc,"2079 Church Rd, Baldwinsville, NY 13027, United States",,,,,,,43.1879202,-76.36242279999999,industrial,,,0.0,,,,,,"['smart_discovery', 'cold storage facilities in Clay NY']",High Country Self Storage,"establishment,point_of_interest,storage",5.0,255.0,OPERATIONAL,https://www.thestorageadvantage.com/storage-units/new-york/baldwinsville/high-country/church-rd?utm_source=gmb&utm_medium=organic&utm_campaign=gmb-church-rd,(315) 259-1500,0.0,,,,,0.0,,,,,,,,,,📦 Tier 1: Warehousing/Storage,False,67.0,"{'solar_potential': 12, 'icp_relevance': 25, 'financial_viability': 10, 'building_type': 10, 'business_identified': 7, 'good_rating_bonus': 3}",True
SMART_ChIJPYAxLAqq1okRH31U6B5BSww,"260 State St, Brockport, NY 14420, United States",,,,,,,43.2138562,-77.9235826,industrial,,,0.0,,,,,,"['smart_discovery', 'cold storage facilities in Clay NY']",Lineage,"establishment,point_of_interest,storage",3.5,117.0,OPERATIONAL,https://www.onelineage.com/?utm_source=gmb&utm_medium=yext,(585) 637-3166,0.0,,,,,0.0,,,,,,,,,,📦 Tier 1: Warehousing/Storage,False,64.0,"{'solar_potential': 12, 'icp_relevance': 25, 'financial_viability': 10, 'building_type': 10, 'business_identified': 7}",True
